Time (s),Temperature (K),Mass (mg)
0.0,293.2,5.500
4.8,293.2,5.492
9.6,293.2,5.517
14.4,293.2,5.533
19.2,293.2,5.520
24.0,293.3,5.513
28.8,293.3,5.512
33.6,293.3,5.515
38.4,293.4,5.518
43.2,293.4,5.518
48.0,293.5,5.518
52.8,293.5,5.518
57.6,293.6,5.520
62.4,293.7,5.523
67.2,293.8,5.523
72.0,293.9,5.522
76.8,294.1,5.522
81.6,294.2,5.523
86.4,294.4,5.523
95.8,294.7,5.523
119.8,296.0,5.518
143.8,297.6,5.516
167.8,299.3,5.513
191.8,301.2,5.511
215.8,303.0,5.508
239.8,304.8,5.506
263.8,306.5,5.501
287.8,308.1,5.495
311.8,309.5,5.491
335.8,310.7,5.490
359.8,311.7,5.486
383.8,312.6,5.486
407.8,313.4,5.485
431.8,314.0,5.480
455.8,314.5,5.480
479.8,315.0,5.479
503.8,315.3,5.478
527.8,315.5,5.476
551.8,315.7,5.471
575.8,315.8,5.475
599.8,315.8,5.474
623.8,315.9,5.475
647.8,315.8,5.472
671.8,315.7,5.474
695.8,315.7,5.472
719.8,315.6,5.472
743.8,315.4,5.473
767.8,315.3,5.471
791.8,315.2,5.475
815.8,315.0,5.473
839.8,314.9,5.472
863.8,314.7,5.472
887.8,314.6,5.472
911.8,314.4,5.472
935.8,314.3,5.474
959.8,314.1,5.472
983.8,314.0,5.471
1007.8,313.9,5.472
1031.8,313.8,5.471
1055.8,313.7,5.470
1079.8,313.6,5.472
1103.8,313.5,5.474
1127.8,313.4,5.474
1151.8,313.3,5.474
1175.8,313.3,5.474
1199.8,313.2,5.474
1223.8,313.1,5.474
1247.8,313.1,5.474
1271.8,313.1,5.471
1295.8,313.1,5.473
1319.8,313.0,5.476
1343.8,313.0,5.478
1367.8,313.0,5.477
1391.8,313.0,5.476
1415.8,313.0,5.476
1439.8,313.0,5.475
1463.8,313.0,5.475
1487.8,313.0,5.477
1511.8,313.0,5.477
1535.8,313.0,5.479
1559.8,313.0,5.478
1583.8,313.0,5.478
1607.8,313.0,5.478
1631.8,313.0,5.480
1655.8,313.0,5.480
1679.8,313.0,5.480
1703.8,313.0,5.482
1727.8,313.0,5.479
1751.8,313.0,5.479
1775.8,313.0,5.481
1799.8,313.0,5.479
1823.8,313.0,5.476
1847.8,313.0,5.477
1871.8,313.0,5.476
1890.5,313.0,5.480
1892.9,313.0,5.480
1895.3,313.0,5.480
1897.7,313.1,5.480
1900.1,313.0,5.480
1902.5,313.0,5.481
1904.9,313.1,5.481
1907.3,313.1,5.481
1909.7,313.1,5.481
1912.1,313.1,5.481
1914.5,313.1,5.481
1916.9,313.1,5.481
1919.3,313.1,5.481
1921.7,313.1,5.482
1924.1,313.1,5.482
1926.5,313.1,5.482
1928.9,313.2,5.481
1931.3,313.2,5.480
1933.7,313.2,5.480
1936.1,313.2,5.480
1938.5,313.3,5.480
1940.9,313.3,5.481
1943.3,313.4,5.481
1945.7,313.4,5.482
1948.1,313.4,5.482
1950.5,313.5,5.482
1952.9,313.5,5.482
1955.3,313.6,5.482
1957.7,313.6,5.481
1960.1,313.7,5.481
1962.5,313.8,5.482
1964.9,313.8,5.482
1967.3,313.9,5.482
1969.7,314.0,5.483
1972.1,314.1,5.484
1974.5,314.1,5.484
1976.9,314.2,5.483
1979.3,314.4,5.483
1981.7,314.5,5.483
1984.1,314.5,5.484
1986.5,314.7,5.484
1988.9,314.8,5.484
1991.3,314.9,5.483
1993.7,315.0,5.483
1996.1,315.2,5.483
1998.5,315.3,5.482
2000.9,315.5,5.483
2003.3,315.6,5.483
2005.7,315.8,5.484
2008.1,315.9,5.485
2010.5,316.1,5.484
2012.9,316.3,5.484
2015.3,316.4,5.484
2017.7,316.6,5.483
2020.1,316.8,5.484
2022.5,317.0,5.484
2024.9,317.2,5.486
2027.3,317.4,5.486
2029.7,317.6,5.485
2032.1,317.9,5.485
2034.5,318.1,5.484
2036.9,318.3,5.484
2039.3,318.6,5.484
2041.7,318.8,5.485
2044.1,319.1,5.485
2046.5,319.3,5.485
2048.9,319.6,5.486
2051.3,319.9,5.486
2053.7,320.1,5.484
2056.1,320.4,5.484
2058.5,320.7,5.484
2060.9,321.0,5.483
2063.3,321.3,5.484
2065.7,321.6,5.485
2068.1,321.9,5.485
2070.5,322.3,5.485
2072.9,322.6,5.484
2075.3,322.9,5.484
2077.7,323.2,5.484
2080.1,323.6,5.484
2082.5,323.9,5.483
2084.9,324.3,5.482
2087.3,324.7,5.483
2089.7,325.0,5.483
2092.1,325.4,5.483
2094.5,325.8,5.483
2096.9,326.1,5.482
2099.3,326.5,5.482
2101.7,326.9,5.481
2104.1,327.3,5.482
2106.5,327.7,5.482
2108.9,328.1,5.481
2111.3,328.5,5.482
2113.7,328.9,5.482
2116.1,329.4,5.481
2118.5,329.8,5.481
2120.9,330.2,5.481
2123.3,330.7,5.481
2125.7,331.1,5.481
2128.1,331.5,5.481
2130.5,332.0,5.480
2132.9,332.4,5.480
2135.3,332.9,5.480
2137.7,333.4,5.481
2140.1,333.8,5.481
2142.5,334.3,5.481
2144.9,334.8,5.481
2147.3,335.2,5.480
2149.7,335.7,5.481
2152.1,336.2,5.481
2154.5,336.7,5.481
2156.9,337.1,5.480
2159.3,337.7,5.480
2161.7,338.2,5.479
2164.1,338.7,5.479
2166.5,339.2,5.479
2168.9,339.7,5.478
2171.3,340.1,5.478
2173.7,340.7,5.478
2176.1,341.2,5.477
2178.5,341.7,5.477
2180.9,342.2,5.476
2183.3,342.7,5.476
2185.7,343.2,5.477
2188.1,343.7,5.477
2190.5,344.3,5.478
2192.9,344.8,5.478
2195.3,345.3,5.478
2197.7,345.8,5.478
2200.1,346.4,5.477
2202.5,346.9,5.477
2204.9,347.4,5.477
2207.3,348.0,5.477
2209.7,348.5,5.477
2212.1,349.0,5.477
2214.5,349.6,5.476
2216.9,350.1,5.476
2219.3,350.6,5.475
2221.7,351.2,5.475
2224.1,351.7,5.476
2226.5,352.2,5.476
2228.9,352.8,5.476
2231.3,353.3,5.476
2233.7,353.9,5.475
2236.1,354.4,5.475
2238.5,355.0,5.475
2240.9,355.5,5.475
2243.3,356.0,5.475
2245.7,356.6,5.475
2248.1,357.1,5.476
2250.5,357.6,5.475
2252.9,358.2,5.474
2255.3,358.7,5.474
2257.7,359.3,5.474
2260.1,359.8,5.475
2262.5,360.4,5.475
2264.9,360.9,5.475
2267.3,361.5,5.475
2269.7,362.0,5.476
2272.1,362.5,5.476
2274.5,363.1,5.476
2276.9,363.7,5.476
2279.3,364.2,5.475
2281.7,364.7,5.474
2284.1,365.3,5.474
2286.5,365.8,5.473
2288.9,366.3,5.474
2291.3,366.9,5.474
2293.7,367.4,5.474
2296.1,368.0,5.473
2298.5,368.6,5.473
2300.9,369.1,5.473
2303.3,369.6,5.473
2305.7,370.2,5.473
2308.1,370.7,5.473
2310.5,371.2,5.473
2312.9,371.8,5.473
2315.3,372.3,5.473
2317.7,372.9,5.473
2320.1,373.4,5.473
2322.5,373.9,5.473
2324.9,374.5,5.473
2327.3,375.0,5.473
2329.7,375.5,5.474
2332.1,376.1,5.474
2334.5,376.6,5.474
2336.9,377.1,5.474
2339.3,377.6,5.474
2341.7,378.2,5.474
2344.1,378.7,5.474
2346.5,379.2,5.474
2348.9,379.7,5.474
2351.3,380.3,5.474
2353.7,380.8,5.474
2356.1,381.3,5.474
2358.5,381.8,5.474
2360.9,382.4,5.473
2363.3,382.9,5.473
2365.7,383.4,5.473
2368.1,383.9,5.473
2370.5,384.4,5.473
2372.9,384.9,5.473
2375.3,385.4,5.473
2377.7,385.9,5.473
2380.1,386.5,5.472
2382.5,387.0,5.472
2384.9,387.5,5.472
2387.3,388.0,5.472
2389.7,388.5,5.472
2392.1,389.0,5.472
2394.5,389.5,5.472
2396.9,390.0,5.472
2399.3,390.5,5.471
2401.7,391.0,5.471
2404.1,391.5,5.471
2406.5,392.0,5.471
2408.9,392.5,5.471
2411.3,393.0,5.471
2413.7,393.5,5.471
2416.1,394.0,5.471
2418.5,394.5,5.471
2420.9,395.0,5.471
2423.3,395.5,5.471
2425.7,396.0,5.471
2428.1,396.5,5.471
2430.5,397.0,5.471
2432.9,397.5,5.471
2435.3,397.9,5.471
2437.7,398.4,5.471
2440.1,398.9,5.471
2442.5,399.4,5.471
2444.9,399.9,5.471
2447.3,400.4,5.471
2449.7,400.9,5.471
2452.1,401.3,5.471
2454.5,401.8,5.471
2456.9,402.3,5.471
2459.3,402.8,5.471
2461.7,403.3,5.471
2464.1,403.8,5.471
2466.5,404.2,5.471
2468.9,404.7,5.471
2471.3,405.2,5.471
2473.7,405.7,5.471
2476.1,406.2,5.471
2478.5,406.6,5.471
2480.9,407.1,5.471
2483.3,407.6,5.471
2485.7,408.1,5.471
2488.1,408.6,5.471
2490.5,409.0,5.471
2492.9,409.5,5.471
2495.3,410.0,5.471
2497.7,410.4,5.471
2500.1,410.9,5.470
2502.5,411.4,5.470
2504.9,411.8,5.471
2507.3,412.3,5.470
2509.7,412.8,5.470
2512.1,413.3,5.470
2514.5,413.7,5.470
2516.9,414.2,5.470
2519.3,414.7,5.470
2521.7,415.1,5.471
2524.1,415.6,5.471
2526.5,416.0,5.471
2528.9,416.5,5.471
2531.3,417.0,5.471
2533.7,417.4,5.472
2536.1,417.9,5.472
2538.5,418.4,5.472
2540.9,418.8,5.472
2543.3,419.3,5.472
2545.7,419.8,5.472
2548.1,420.2,5.472
2550.5,420.7,5.472
2552.9,421.1,5.472
2555.3,421.6,5.472
2557.7,422.0,5.472
2560.1,422.5,5.472
2562.5,422.9,5.472
2564.9,423.4,5.472
2567.3,423.9,5.472
2569.7,424.3,5.472
2572.1,424.7,5.472
2574.5,425.2,5.472
2576.9,425.7,5.472
2579.3,426.1,5.472
2581.7,426.6,5.472
2584.1,427.0,5.472
2586.5,427.5,5.471
2588.9,427.9,5.470
2591.3,428.4,5.469
2593.7,428.8,5.469
2596.1,429.2,5.468
2598.5,429.7,5.468
2600.9,430.1,5.468
2603.3,430.6,5.467
2605.7,431.0,5.467
2608.1,431.5,5.467
2610.5,431.9,5.467
2612.9,432.3,5.467
2615.3,432.8,5.466
2617.7,433.2,5.466
2620.1,433.7,5.466
2622.5,434.1,5.465
2624.9,434.5,5.465
2627.3,435.0,5.465
2629.7,435.4,5.465
2632.1,435.8,5.465
2634.5,436.3,5.465
2636.9,436.7,5.465
2639.3,437.1,5.465
2641.7,437.6,5.465
2644.1,438.0,5.465
2646.5,438.4,5.465
2648.9,438.9,5.465
2651.3,439.3,5.465
2653.7,439.7,5.465
2656.1,440.1,5.465
2658.5,440.6,5.464
2660.9,441.0,5.463
2663.3,441.4,5.463
2665.7,441.8,5.463
2668.1,442.3,5.463
2670.5,442.7,5.463
2672.9,443.1,5.463
2675.3,443.5,5.464
2677.7,444.0,5.464
2680.1,444.4,5.464
2682.5,444.8,5.464
2684.9,445.2,5.463
2687.3,445.7,5.463
2689.7,446.1,5.462
2692.1,446.5,5.461
2694.5,446.9,5.461
2696.9,447.3,5.461
2699.3,447.8,5.461
2701.7,448.2,5.460
2704.1,448.6,5.460
2706.5,449.0,5.460
2708.9,449.5,5.459
2711.3,449.9,5.459
2713.7,450.3,5.459
2716.1,450.7,5.459
2718.5,451.1,5.459
2720.9,451.5,5.459
2723.3,452.0,5.459
2725.7,452.4,5.458
2728.1,452.8,5.458
2730.5,453.2,5.458
2732.9,453.6,5.457
2735.3,454.0,5.456
2737.7,454.4,5.456
2740.1,454.9,5.456
2742.5,455.3,5.455
2744.9,455.7,5.455
2747.3,456.1,5.455
2749.7,456.5,5.455
2752.1,456.9,5.454
2754.5,457.3,5.454
2756.9,457.7,5.454
2759.3,458.2,5.454
2761.7,458.6,5.453
2764.1,459.0,5.453
2766.5,459.4,5.453
2768.9,459.8,5.453
2771.3,460.2,5.452
2773.7,460.6,5.451
2776.1,461.0,5.451
2778.5,461.4,5.450
2780.9,461.8,5.449
2783.3,462.2,5.449
2785.7,462.7,5.449
2788.1,463.1,5.448
2790.5,463.5,5.448
2792.9,463.9,5.448
2795.3,464.3,5.448
2797.7,464.7,5.447
2800.1,465.1,5.447
2802.5,465.5,5.446
2804.9,465.9,5.446
2807.3,466.3,5.446
2809.7,466.7,5.446
2812.1,467.1,5.445
2814.5,467.5,5.445
2816.9,468.0,5.444
2819.3,468.4,5.444
2821.7,468.8,5.443
2824.1,469.2,5.442
2826.5,469.6,5.441
2828.9,470.0,5.440
2831.3,470.4,5.438
2833.7,470.8,5.437
2836.1,471.2,5.436
2838.5,471.6,5.435
2840.9,472.0,5.434
2843.3,472.4,5.433
2845.7,472.8,5.433
2848.1,473.2,5.432
2850.5,473.6,5.432
2852.9,474.0,5.431
2855.3,474.4,5.431
2857.7,474.8,5.430
2860.1,475.2,5.429
2862.5,475.6,5.428
2864.9,476.0,5.427
2867.3,476.4,5.426
2869.7,476.8,5.426
2872.1,477.2,5.425
2874.5,477.6,5.424
2876.9,478.0,5.423
2879.3,478.4,5.422
2881.7,478.8,5.421
2884.1,479.2,5.420
2886.5,479.6,5.418
2888.9,480.0,5.418
2891.3,480.4,5.417
2893.7,480.8,5.416
2896.1,481.2,5.415
2898.5,481.6,5.414
2900.9,482.0,5.413
2903.3,482.4,5.412
2905.7,482.8,5.411
2908.1,483.2,5.410
2910.5,483.6,5.410
2912.9,484.0,5.409
2915.3,484.4,5.408
2917.7,484.8,5.407
2920.1,485.2,5.406
2922.5,485.6,5.405
2924.9,486.0,5.404
2927.3,486.4,5.402
2929.7,486.8,5.400
2932.1,487.2,5.399
2934.5,487.6,5.399
2936.9,488.0,5.398
2939.3,488.4,5.397
2941.7,488.8,5.396
2944.1,489.2,5.395
2946.5,489.6,5.394
2948.9,490.0,5.393
2951.3,490.4,5.393
2953.7,490.8,5.391
2956.1,491.2,5.390
2958.5,491.6,5.389
2960.9,492.0,5.388
2963.3,492.4,5.386
2965.7,492.8,5.384
2968.1,493.2,5.383
2970.5,493.6,5.381
2972.9,494.0,5.379
2975.3,494.4,5.378
2977.7,494.8,5.376
2980.1,495.2,5.373
2982.5,495.5,5.371
2984.9,495.9,5.370
2987.3,496.3,5.369
2989.7,496.7,5.367
2992.1,497.1,5.365
2994.5,497.5,5.364
2996.9,497.9,5.363
2999.3,498.3,5.362
3001.7,498.7,5.360
3004.1,499.1,5.358
3006.5,499.5,5.356
3008.9,499.9,5.354
3011.3,500.3,5.352
3013.7,500.7,5.349
3016.1,501.1,5.348
3018.5,501.5,5.347
3020.9,501.9,5.345
3023.3,502.3,5.343
3025.7,502.7,5.341
3028.1,503.1,5.339
3030.5,503.5,5.337
3032.9,503.9,5.335
3035.3,504.3,5.333
3037.7,504.7,5.331
3040.1,505.1,5.329
3042.5,505.5,5.326
3044.9,505.8,5.325
3047.3,506.2,5.323
3049.7,506.6,5.320
3052.1,507.0,5.318
3054.5,507.4,5.315
3056.9,507.8,5.313
3059.3,508.2,5.310
3061.7,508.6,5.307
3064.1,509.0,5.305
3066.5,509.4,5.303
3068.9,509.8,5.301
3071.3,510.2,5.298
3073.7,510.6,5.296
3076.1,511.0,5.293
3078.5,511.4,5.290
3080.9,511.8,5.287
3083.3,512.2,5.286
3085.7,512.6,5.283
3088.1,513.0,5.281
3090.5,513.4,5.278
3092.9,513.8,5.276
3095.3,514.1,5.273
3097.7,514.5,5.271
3100.1,514.9,5.267
3102.5,515.3,5.265
3104.9,515.7,5.262
3107.3,516.1,5.259
3109.7,516.5,5.257
3112.1,516.9,5.255
3114.5,517.3,5.251
3116.9,517.7,5.247
3119.3,518.1,5.244
3121.7,518.5,5.241
3124.1,518.9,5.237
3126.5,519.3,5.234
3128.9,519.7,5.231
3131.3,520.1,5.228
3133.7,520.5,5.225
3136.1,520.9,5.222
3138.5,521.2,5.220
3140.9,521.6,5.217
3143.3,522.0,5.214
3145.7,522.4,5.209
3148.1,522.8,5.206
3150.5,523.2,5.202
3152.9,523.6,5.199
3155.3,524.0,5.195
3157.7,524.4,5.191
3160.1,524.8,5.187
3162.5,525.2,5.184
3164.9,525.6,5.180
3167.3,526.0,5.176
3169.7,526.4,5.173
3172.1,526.8,5.168
3174.5,527.2,5.163
3176.9,527.6,5.159
3179.3,528.0,5.155
3181.7,528.3,5.151
3184.1,528.8,5.148
3186.5,529.1,5.144
3188.9,529.5,5.141
3191.3,529.9,5.137
3193.7,530.3,5.132
3196.1,530.7,5.129
3198.5,531.1,5.124
3200.9,531.5,5.119
3203.3,531.9,5.114
3205.7,532.3,5.110
3208.1,532.7,5.106
3210.5,533.1,5.101
3212.9,533.5,5.096
3215.3,533.9,5.091
3217.7,534.3,5.087
3220.1,534.7,5.082
3222.5,535.0,5.077
3224.9,535.4,5.073
3227.3,535.8,5.069
3229.7,536.2,5.063
3232.1,536.6,5.059
3234.5,537.0,5.055
3236.9,537.4,5.050
3239.3,537.8,5.045
3241.7,538.2,5.039
3244.1,538.6,5.033
3246.5,539.0,5.029
3248.9,539.4,5.024
3251.3,539.8,5.020
3253.7,540.2,5.015
3256.1,540.6,5.009
3258.5,541.0,5.003
3260.9,541.4,4.998
3263.3,541.7,4.993
3265.7,542.1,4.988
3268.1,542.5,4.983
3270.5,542.9,4.978
3272.9,543.3,4.973
3275.3,543.7,4.967
3277.7,544.1,4.962
3280.1,544.5,4.955
3282.5,544.9,4.950
3284.9,545.3,4.945
3287.3,545.7,4.939
3289.7,546.1,4.933
3292.1,546.5,4.928
3294.5,546.9,4.923
3296.9,547.3,4.917
3299.3,547.7,4.912
3301.7,548.1,4.907
3304.1,548.5,4.903
3306.5,548.9,4.898
3308.9,549.3,4.893
3311.3,549.7,4.886
3313.7,550.0,4.881
3316.1,550.4,4.875
3318.5,550.8,4.869
3320.9,551.2,4.863
3323.3,551.6,4.857
3325.7,552.0,4.851
3328.1,552.4,4.845
3330.5,552.8,4.841
3332.9,553.2,4.835
3335.3,553.6,4.829
3337.7,554.0,4.822
3340.1,554.4,4.815
3342.5,554.8,4.810
3344.9,555.2,4.804
3347.3,555.6,4.799
3349.7,556.0,4.794
3352.1,556.4,4.788
3354.5,556.8,4.781
3356.9,557.2,4.775
3359.3,557.5,4.770
3361.7,557.9,4.764
3364.1,558.3,4.757
3366.5,558.7,4.750
3368.9,559.1,4.744
3371.3,559.5,4.735
3373.7,559.9,4.728
3376.1,560.3,4.722
3378.5,560.7,4.715
3380.9,561.1,4.709
3383.3,561.5,4.703
3385.7,561.9,4.697
3388.1,562.3,4.691
3390.5,562.7,4.685
3392.9,563.1,4.679
3395.3,563.5,4.673
3397.7,563.9,4.666
3400.1,564.3,4.658
3402.5,564.6,4.652
3404.9,565.0,4.645
3407.3,565.4,4.639
3409.7,565.8,4.632
3412.1,566.2,4.624
3414.5,566.6,4.616
3416.9,567.0,4.609
3419.3,567.4,4.603
3421.7,567.8,4.596
3424.1,568.2,4.587
3426.5,568.6,4.580
3428.9,569.0,4.574
3431.3,569.4,4.567
3433.7,569.8,4.560
3436.1,570.2,4.553
3438.5,570.6,4.549
3440.9,570.9,4.541
3443.3,571.3,4.532
3445.7,571.7,4.524
3448.1,572.1,4.518
3450.5,572.5,4.511
3452.9,572.9,4.504
3455.3,573.3,4.495
3457.7,573.7,4.487
3460.1,574.1,4.479
3462.5,574.5,4.471
3464.9,574.9,4.463
3467.3,575.3,4.456
3469.7,575.7,4.448
3472.1,576.1,4.440
3474.5,576.5,4.433
3476.9,576.9,4.426
3479.3,577.3,4.417
3481.7,577.6,4.410
3484.1,578.0,4.401
3486.5,578.4,4.394
3488.9,578.8,4.384
3491.3,579.2,4.377
3493.7,579.6,4.368
3496.1,580.0,4.359
3498.5,580.4,4.350
3500.9,580.8,4.341
3503.3,581.2,4.333
3505.7,581.6,4.324
3508.1,582.0,4.315
3510.5,582.4,4.307
3512.9,582.8,4.298
3515.3,583.2,4.289
3517.7,583.6,4.280
3520.1,584.0,4.271
3522.5,584.4,4.261
3524.9,584.7,4.252
3527.3,585.2,4.242
3529.7,585.5,4.232
3532.1,585.9,4.222
3534.5,586.3,4.213
3536.9,586.7,4.202
3539.3,587.1,4.193
3541.7,587.5,4.183
3544.1,587.9,4.173
3546.5,588.3,4.163
3548.9,588.7,4.153
3551.3,589.1,4.142
3553.7,589.5,4.132
3556.1,589.9,4.122
3558.5,590.3,4.111
3560.9,590.7,4.101
3563.3,591.1,4.088
3565.7,591.5,4.076
3568.1,591.9,4.065
3570.5,592.3,4.054
3572.9,592.7,4.042
3575.3,593.1,4.031
3577.7,593.4,4.020
3580.1,593.8,4.009
3582.5,594.2,3.998
3584.9,594.6,3.987
3587.3,595.0,3.976
3589.7,595.4,3.965
3592.1,595.8,3.954
3594.5,596.2,3.942
3596.9,596.6,3.931
3599.3,597.0,3.919
3601.7,597.4,3.909
3604.1,597.8,3.896
3606.5,598.2,3.883
3608.9,598.6,3.872
3611.3,599.0,3.862
3613.7,599.4,3.852
3616.1,599.8,3.842
3618.5,600.2,3.831
3620.9,600.6,3.820
3623.3,600.9,3.810
3625.7,601.3,3.799
3628.1,601.7,3.785
3630.5,602.1,3.770
3632.9,602.5,3.755
3635.3,602.9,3.744
3637.7,603.3,3.734
3640.1,603.7,3.723
3642.5,604.1,3.712
3644.9,604.5,3.700
3647.3,604.9,3.689
3649.7,605.3,3.676
3652.1,605.7,3.664
3654.5,606.1,3.651
3656.9,606.5,3.639
3659.3,606.9,3.627
3661.7,607.3,3.616
3664.1,607.7,3.603
3666.5,608.1,3.592
3668.9,608.5,3.579
3671.3,608.9,3.567
3673.7,609.3,3.555
3676.1,609.6,3.542
3678.5,610.0,3.530
3680.9,610.4,3.518
3683.3,610.8,3.505
3685.7,611.2,3.491
3688.1,611.6,3.476
3690.5,612.0,3.463
3692.9,612.4,3.448
3695.3,612.8,3.437
3697.7,613.2,3.426
3700.1,613.6,3.415
3702.5,614.0,3.404
3704.9,614.4,3.389
3707.3,614.8,3.373
3709.7,615.2,3.359
3712.1,615.6,3.344
3714.5,616.0,3.331
3716.9,616.4,3.317
3719.3,616.8,3.304
3721.7,617.2,3.290
3724.1,617.6,3.276
3726.5,617.9,3.261
3728.9,618.4,3.248
3731.3,618.7,3.233
3733.7,619.1,3.219
3736.1,619.5,3.204
3738.5,619.9,3.190
3740.9,620.3,3.175
3743.3,620.7,3.161
3745.7,621.1,3.145
3748.1,621.5,3.129
3750.5,621.9,3.114
3752.9,622.3,3.099
3755.3,622.7,3.084
3757.7,623.1,3.069
3760.1,623.5,3.053
3762.5,623.9,3.038
3764.9,624.3,3.022
3767.3,624.7,3.005
3769.7,625.1,2.989
3772.1,625.5,2.973
3774.5,625.9,2.956
3776.9,626.2,2.940
3779.3,626.6,2.924
3781.7,627.0,2.906
3784.1,627.4,2.889
3786.5,627.8,2.871
3788.9,628.2,2.855
3791.3,628.6,2.838
3793.7,629.0,2.820
3796.1,629.4,2.804
3798.5,629.8,2.786
3800.9,630.2,2.768
3803.3,630.6,2.750
3805.7,631.0,2.733
3808.1,631.4,2.715
3810.5,631.8,2.697
3812.9,632.2,2.680
3815.3,632.6,2.662
3817.7,633.0,2.645
3820.1,633.4,2.627
3822.5,633.8,2.611
3824.9,634.2,2.594
3827.3,634.6,2.576
3829.7,634.9,2.559
3832.1,635.3,2.542
3834.5,635.7,2.526
3836.9,636.1,2.510
3839.3,636.5,2.494
3841.7,636.9,2.478
3844.1,637.3,2.463
3846.5,637.7,2.446
3848.9,638.1,2.430
3851.3,638.5,2.416
3853.7,638.9,2.402
3856.1,639.3,2.387
3858.5,639.7,2.373
3860.9,640.1,2.362
3863.3,640.5,2.351
3865.7,640.9,2.342
3868.1,641.3,2.332
3870.5,641.8,2.322
3872.9,642.2,2.311
3875.3,642.6,2.301
3877.7,643.0,2.290
3880.1,643.4,2.280
3882.5,643.8,2.270
3884.9,644.2,2.260
3887.3,644.6,2.251
3889.7,645.0,2.243
3892.1,645.4,2.235
3894.5,645.8,2.229
3896.9,646.2,2.221
3899.3,646.6,2.215
3901.7,647.0,2.209
3904.1,647.3,2.204
3906.5,647.7,2.199
3908.9,648.1,2.194
3911.3,648.5,2.191
3913.7,648.9,2.187
3916.1,649.3,2.184
3918.5,649.7,2.181
3920.9,650.1,2.178
3923.3,650.5,2.175
3925.7,650.8,2.173
3928.1,651.2,2.171
3930.5,651.6,2.169
3932.9,652.0,2.167
3935.3,652.4,2.164
3937.7,652.8,2.162
3940.1,653.2,2.160
3942.5,653.6,2.159
3944.9,654.0,2.156
3947.3,654.4,2.155
3949.7,654.7,2.153
3952.1,655.1,2.151
3954.5,655.5,2.149
3956.9,655.9,2.148
3959.3,656.3,2.146
3961.7,656.7,2.145
3964.1,657.1,2.142
3966.5,657.5,2.141
3968.9,657.9,2.140
3971.3,658.3,2.138
3973.7,658.7,2.136
3976.1,659.1,2.134
3978.5,659.5,2.132
3980.9,659.9,2.130
3983.3,660.2,2.128
3985.7,660.6,2.127
3988.1,661.0,2.125
3990.5,661.4,2.124
3992.9,661.8,2.122
3995.3,662.2,2.122
3997.7,662.6,2.122
4000.1,663.0,2.121
4002.5,663.4,2.120
4004.9,663.8,2.118
4007.3,664.2,2.117
4009.7,664.6,2.116
4012.1,665.0,2.113
4014.5,665.4,2.111
4016.9,665.8,2.110
4019.3,666.2,2.108
4021.7,666.6,2.106
4024.1,667.0,2.105
4026.5,667.4,2.103
4028.9,667.8,2.101
4031.3,668.2,2.099
4033.7,668.6,2.098
4036.1,669.0,2.096
4038.5,669.4,2.094
4040.9,669.8,2.093
4043.3,670.2,2.092
4045.7,670.6,2.090
4048.1,671.0,2.089
4050.5,671.4,2.087
4052.9,671.8,2.086
4055.3,672.2,2.085
4057.7,672.6,2.083
4060.1,673.0,2.081
4062.5,673.4,2.080
4064.9,673.8,2.079
4067.3,674.2,2.078
4069.7,674.6,2.076
4072.1,675.0,2.074
4074.5,675.4,2.073
4076.9,675.8,2.071
4079.3,676.1,2.069
4081.7,676.5,2.068
4084.1,676.9,2.066
4086.5,677.3,2.064
4088.9,677.7,2.063
4091.3,678.1,2.061
4093.7,678.5,2.060
4096.1,678.9,2.058
4098.5,679.3,2.057
4100.9,679.7,2.055
4103.3,680.1,2.053
4105.7,680.5,2.051
4108.1,680.9,2.049
4110.5,681.3,2.047
4112.9,681.7,2.046
4115.3,682.1,2.044
4117.7,682.5,2.043
4120.1,682.9,2.041
4122.5,683.3,2.042
4124.9,683.7,2.041
4127.3,684.1,2.040
4129.7,684.5,2.039
4132.1,684.9,2.037
4134.5,685.3,2.035
4136.9,685.7,2.034
4139.3,686.1,2.033
4141.7,686.5,2.031
4144.1,686.9,2.029
4146.5,687.3,2.029
4148.9,687.7,2.027
4151.3,688.1,2.026
4153.7,688.5,2.024
4156.1,688.9,2.023
4158.5,689.2,2.022
4160.9,689.7,2.020
4163.3,690.0,2.019
4165.7,690.4,2.017
4168.1,690.8,2.015
4170.5,691.2,2.014
4172.9,691.6,2.012
4175.3,692.0,2.011
4177.7,692.4,2.009
4180.1,692.8,2.007
4182.5,693.2,2.006
4184.9,693.6,2.004
4187.3,694.0,2.002
4189.7,694.4,2.001
4192.1,694.8,1.999
4194.5,695.2,1.998
4196.9,695.6,1.995
4199.3,696.0,1.994
4201.7,696.4,1.993
4204.1,696.8,1.991
4206.5,697.2,1.990
4208.9,697.6,1.989
4211.3,698.0,1.988
4213.7,698.4,1.987
4216.1,698.8,1.986
4218.5,699.2,1.983
4220.9,699.6,1.982
4223.3,700.0,1.981
4225.7,700.4,1.980
4228.1,700.8,1.979
4230.5,701.2,1.977
4232.9,701.6,1.975
4235.3,702.0,1.974
4237.7,702.4,1.971
4240.1,702.8,1.970
4242.5,703.1,1.969
4244.9,703.6,1.967
4247.3,704.0,1.966
4249.7,704.4,1.964
4252.1,704.7,1.963
4254.5,705.1,1.962
4256.9,705.5,1.959
4259.3,705.9,1.958
4261.7,706.3,1.957
4264.1,706.7,1.956
4266.5,707.1,1.954
4268.9,707.5,1.952
4271.3,707.9,1.950
4273.7,708.3,1.949
4276.1,708.7,1.948
4278.5,709.1,1.946
4280.9,709.5,1.944
4283.3,709.9,1.943
4285.7,710.3,1.941
4288.1,710.7,1.939
4290.5,711.1,1.938
4292.9,711.5,1.937
4295.3,711.9,1.935
4297.7,712.3,1.933
4300.1,712.7,1.932
4302.5,713.1,1.930
4304.9,713.5,1.928
4307.3,713.9,1.926
4309.7,714.3,1.924
4312.1,714.7,1.923
4314.5,715.1,1.921
4316.9,715.5,1.920
4319.3,715.9,1.918
4321.7,716.3,1.916
4324.1,716.7,1.915
4326.5,717.1,1.914
4328.9,717.5,1.913
4331.3,717.9,1.911
4333.7,718.3,1.910
4336.1,718.7,1.907
4338.5,719.1,1.905
4340.9,719.5,1.903
4343.3,719.9,1.901
4345.7,720.2,1.899
4348.1,720.7,1.897
4350.5,721.0,1.896
4352.9,721.4,1.894
4355.3,721.8,1.892
4357.7,722.2,1.890
4360.1,722.6,1.890
4362.5,723.0,1.889
4364.9,723.4,1.888
4367.3,723.8,1.887
4369.7,724.2,1.887
4372.1,724.6,1.885
4374.5,725.0,1.883
4376.9,725.4,1.882
4379.3,725.8,1.880
4381.7,726.2,1.878
4384.1,726.6,1.877
4386.5,727.0,1.875
4388.9,727.4,1.872
4391.3,727.8,1.871
4393.7,728.2,1.870
4396.1,728.6,1.868
4398.5,729.0,1.866
4400.9,729.4,1.864
4403.3,729.8,1.861
4405.7,730.2,1.858
4408.1,730.6,1.855
4410.5,731.0,1.853
4412.9,731.4,1.852
4415.3,731.8,1.849
4417.7,732.2,1.848
4420.1,732.6,1.846
4422.5,733.0,1.843
4424.9,733.4,1.843
4427.3,733.8,1.841
4429.7,734.2,1.839
4432.1,734.6,1.837
4434.5,735.0,1.837
4436.9,735.4,1.836
4439.3,735.8,1.833
4441.7,736.1,1.832
4444.1,736.5,1.831
4446.5,737.0,1.829
4448.9,737.3,1.828
4451.3,737.7,1.826
4453.7,738.1,1.824
4456.1,738.5,1.823
4458.5,738.9,1.822
4460.9,739.3,1.821
4463.3,739.7,1.819
4465.7,740.1,1.817
4468.1,740.5,1.816
4470.5,740.9,1.814
4472.9,741.3,1.813
4475.3,741.7,1.812
4477.7,742.1,1.810
4480.1,742.5,1.808
4482.5,742.9,1.805
4484.9,743.3,1.804
4487.3,743.7,1.802
4489.7,744.1,1.801
4492.1,744.5,1.799
4494.5,744.9,1.797
4496.9,745.3,1.795
4499.3,745.7,1.793
4501.7,746.1,1.792
4504.1,746.5,1.790
4506.5,746.9,1.788
4508.9,747.3,1.786
4511.3,747.7,1.784
4513.7,748.1,1.783
4516.1,748.5,1.781
4518.5,748.9,1.779
4520.9,749.3,1.777
4523.3,749.7,1.776
4525.7,750.1,1.775
4528.1,750.5,1.772
4530.5,750.9,1.771
4532.9,751.3,1.769
4535.3,751.7,1.767
4537.7,752.1,1.765
4540.1,752.5,1.763
4542.5,752.9,1.761
4544.9,753.3,1.760
4547.3,753.7,1.758
4549.7,754.1,1.756
4552.1,754.5,1.754
4554.5,754.9,1.751
4556.9,755.3,1.749
4559.3,755.7,1.747
4561.7,756.1,1.745
4564.1,756.5,1.742
4566.5,756.9,1.741
4568.9,757.3,1.739
4571.3,757.7,1.737
4573.7,758.1,1.735
4576.1,758.5,1.734
4578.5,758.9,1.731
4580.9,759.3,1.730
4583.3,759.7,1.728
4585.7,760.1,1.727
4588.1,760.5,1.725
4590.5,760.9,1.722
4592.9,761.3,1.722
4595.3,761.7,1.721
4597.7,762.0,1.720
4600.1,762.4,1.718
4602.5,762.9,1.716
4604.9,763.2,1.714
4607.3,763.7,1.712
4609.7,764.0,1.710
4612.1,764.4,1.708
4614.5,764.8,1.706
4616.9,765.2,1.704
4619.3,765.6,1.702
4621.7,766.0,1.701
4624.1,766.4,1.699
4626.5,766.8,1.698
4628.9,767.2,1.696
4631.3,767.6,1.694
4633.7,768.0,1.693
4636.1,768.4,1.690
4638.5,768.8,1.689
4640.9,769.2,1.687
4643.3,769.6,1.684
4645.7,770.0,1.681
4648.1,770.4,1.679
4650.5,770.8,1.675
4652.9,771.2,1.674
4655.3,771.6,1.671
4657.7,772.0,1.670
4660.1,772.4,1.666
4662.5,772.8,1.664
4664.9,773.2,1.662
4667.3,773.6,1.660
4669.7,774.0,1.657
4672.1,774.4,1.656
4674.5,774.8,1.654
4676.9,775.2,1.652
4679.3,775.6,1.651
4681.7,776.0,1.649
4684.1,776.4,1.646
4686.5,776.8,1.645
4688.9,777.2,1.644
4691.3,777.6,1.642
4693.7,778.0,1.641
4696.1,778.4,1.640
4698.5,778.8,1.637
4700.9,779.2,1.636
4703.3,779.6,1.634
4705.7,780.0,1.631
4708.1,780.4,1.629
4710.5,780.8,1.627
4712.9,781.2,1.624
4715.3,781.6,1.623
4717.7,782.0,1.620
4720.1,782.4,1.619
4722.5,782.8,1.615
4724.9,783.2,1.614
4727.3,783.6,1.612
4729.7,784.0,1.611
4732.1,784.4,1.609
4734.5,784.8,1.608
4736.9,785.2,1.607
4739.3,785.5,1.606
4741.7,786.0,1.604
4744.1,786.3,1.602
4746.5,786.8,1.600
4748.9,787.2,1.599
4751.3,787.5,1.596
4753.7,788.0,1.594
4756.1,788.4,1.593
4758.5,788.7,1.589
4760.9,789.1,1.588
4763.3,789.5,1.586
4765.7,789.9,1.584
4768.1,790.3,1.580
4770.5,790.7,1.578
4772.9,791.1,1.576
4775.3,791.5,1.574
4777.7,791.9,1.572
4780.1,792.3,1.570
4782.5,792.7,1.567
4784.9,793.1,1.566
4787.3,793.5,1.564
4789.7,793.9,1.561
4792.1,794.3,1.561
4794.5,794.7,1.559
4796.9,795.1,1.558
4799.3,795.5,1.556
4801.7,795.9,1.554
4804.1,796.3,1.553
4806.5,796.7,1.552
4808.9,797.1,1.549
4811.3,797.5,1.546
4813.7,797.9,1.543
4816.1,798.3,1.541
4818.5,798.7,1.539
4820.9,799.1,1.536
4823.3,799.5,1.534
4825.7,799.9,1.532
4828.1,800.3,1.529
4830.5,800.7,1.526
4832.9,801.1,1.522
4835.3,801.5,1.519
4837.7,801.9,1.517
4840.1,802.3,1.515
4842.5,802.7,1.513
4844.9,803.1,1.510
4847.3,803.5,1.509
4849.7,803.9,1.507
4852.1,804.3,1.505
4854.5,804.7,1.504
4856.9,805.1,1.502
4859.3,805.5,1.500
4861.7,805.9,1.496
4864.1,806.3,1.496
4866.5,806.7,1.493
4868.9,807.1,1.492
4871.3,807.5,1.489
4873.7,807.9,1.489
4876.1,808.3,1.488
4878.5,808.7,1.486
4880.9,809.1,1.484
4883.3,809.5,1.481
4885.7,809.9,1.480
4888.1,810.3,1.478
4890.5,810.7,1.476
4892.9,811.1,1.474
4895.3,811.5,1.470
4897.7,811.9,1.468
4900.1,812.3,1.466
4902.5,812.7,1.463
4904.9,813.1,1.461
4907.3,813.5,1.460
4909.7,813.9,1.458
4912.1,814.3,1.456
4914.5,814.7,1.453
4916.9,815.1,1.451
4919.3,815.5,1.449
4921.7,815.9,1.447
4924.1,816.3,1.445
4926.5,816.7,1.442
4928.9,817.1,1.441
4931.3,817.5,1.439
4933.7,817.9,1.436
4936.1,818.3,1.434
4938.5,818.7,1.431
4940.9,819.1,1.429
4943.3,819.5,1.428
4945.7,819.9,1.426
4948.1,820.3,1.424
4950.5,820.7,1.421
4952.9,821.1,1.420
4955.3,821.5,1.417
4957.7,821.9,1.415
4960.1,822.2,1.413
4962.5,822.7,1.411
4964.9,823.0,1.409
4967.3,823.5,1.407
4969.7,823.8,1.405
4972.1,824.2,1.403
4974.5,824.6,1.401
4976.9,825.0,1.399
4979.3,825.4,1.397
4981.7,825.8,1.394
4984.1,826.2,1.393
4986.5,826.6,1.391
4988.9,827.0,1.388
4991.3,827.4,1.386
4993.7,827.8,1.384
4996.1,828.2,1.382
4998.5,828.6,1.381
5000.9,829.0,1.377
5003.3,829.4,1.376
5005.7,829.8,1.376
5008.1,830.2,1.374
5010.5,830.6,1.373
5012.9,831.0,1.370
5015.3,831.4,1.368
5017.7,831.8,1.366
5020.1,832.2,1.362
5022.5,832.6,1.359
5024.9,833.0,1.355
5027.3,833.4,1.352
5029.7,833.8,1.350
5032.1,834.2,1.347
5034.5,834.6,1.346
5036.9,835.0,1.345
5039.3,835.4,1.344
5041.7,835.8,1.342
5044.1,836.2,1.340
5046.5,836.6,1.338
5048.9,837.0,1.336
5051.3,837.4,1.334
5053.7,837.8,1.332
5056.1,838.2,1.329
5058.5,838.6,1.328
5060.9,839.0,1.326
5063.3,839.4,1.325
5065.7,839.8,1.322
5068.1,840.2,1.320
5070.5,840.6,1.319
5072.9,841.0,1.316
5075.3,841.4,1.314
5077.7,841.8,1.312
5080.1,842.2,1.309
5082.5,842.6,1.306
5084.9,843.0,1.305
5087.3,843.4,1.302
5089.7,843.8,1.301
5092.1,844.2,1.299
5094.5,844.6,1.296
5096.9,845.0,1.294
5099.3,845.4,1.292
5101.7,845.8,1.290
5104.1,846.2,1.290
5106.5,846.6,1.288
5108.9,847.0,1.287
5111.3,847.4,1.285
5113.7,847.8,1.283
5116.1,848.2,1.280
5118.5,848.6,1.278
5120.9,849.0,1.276
5123.3,849.4,1.273
5125.7,849.8,1.272
5128.1,850.2,1.270
5130.5,850.6,1.268
5132.9,851.0,1.265
5135.3,851.4,1.263
5137.7,851.8,1.261
5140.1,852.2,1.259
5142.5,852.6,1.256
5144.9,853.0,1.254
5147.3,853.4,1.252
5149.7,853.8,1.250
5152.1,854.2,1.248
5154.5,854.6,1.246
5156.9,855.0,1.243
5159.3,855.4,1.242
5161.7,855.8,1.238
5164.1,856.2,1.235
5166.5,856.6,1.232
5168.9,857.0,1.230
5171.3,857.4,1.227
5173.7,857.8,1.225
5176.1,858.2,1.223
5178.5,858.6,1.220
5180.9,859.0,1.218
5183.3,859.4,1.216
5185.7,859.8,1.214
5188.1,860.2,1.212
5190.5,860.6,1.210
5192.9,861.0,1.207
5195.3,861.4,1.205
5197.7,861.8,1.202
5200.1,862.2,1.200
5202.5,862.6,1.197
5204.9,863.0,1.195
5207.3,863.4,1.192
5209.7,863.8,1.191
5212.1,864.2,1.188
5214.5,864.6,1.187
5216.9,865.0,1.184
5219.3,865.4,1.181
5221.7,865.8,1.179
5224.1,866.2,1.177
5226.5,866.6,1.175
5228.9,867.0,1.174
5231.3,867.4,1.173
5233.7,867.8,1.171
5236.1,868.2,1.170
5238.5,868.6,1.169
5240.9,869.0,1.166
5243.3,869.4,1.165
5245.7,869.8,1.163
5248.1,870.2,1.162
5250.5,870.6,1.159
5252.9,871.0,1.158
5255.3,871.4,1.155
5257.7,871.8,1.154
5260.1,872.2,1.151
5262.5,872.6,1.149
5264.9,873.0,1.148
5267.3,873.4,1.146
5269.7,873.8,1.144
5272.1,874.2,1.142
5274.5,874.6,1.139
5276.9,875.0,1.137
5279.3,875.4,1.135
5281.7,875.8,1.133
5284.1,876.2,1.131
5286.5,876.6,1.129
5288.9,877.0,1.127
5291.3,877.4,1.124
5293.7,877.8,1.122
5296.1,878.2,1.120
5298.5,878.6,1.118
5300.9,879.0,1.116
5303.3,879.4,1.114
5305.7,879.8,1.112
5308.1,880.2,1.110
5310.5,880.6,1.108
5312.9,881.0,1.106
5315.3,881.4,1.103
5317.7,881.8,1.101
5320.1,882.2,1.098
5322.5,882.6,1.095
5324.9,883.0,1.093
5327.3,883.4,1.091
5329.7,883.8,1.090
5332.1,884.2,1.088
5334.5,884.6,1.085
5336.9,885.0,1.083
5339.3,885.4,1.081
5341.7,885.8,1.079
5344.1,886.2,1.076
5346.5,886.6,1.075
5348.9,887.0,1.073
5351.3,887.4,1.071
5353.7,887.8,1.069
5356.1,888.2,1.067
5358.5,888.6,1.064
5360.9,889.0,1.063
5363.3,889.4,1.060
5365.7,889.8,1.058
5368.1,890.2,1.056
5370.5,890.7,1.054
5372.9,891.1,1.052
5375.3,891.4,1.050
5377.7,891.8,1.049
5380.1,892.2,1.047
5382.5,892.6,1.044
5384.9,893.0,1.043
5387.3,893.4,1.041
5389.7,893.8,1.039
5392.1,894.2,1.037
5394.5,894.6,1.034
5396.9,895.0,1.033
5399.3,895.4,1.031
5401.7,895.9,1.030
5404.1,896.3,1.028
5406.5,896.7,1.026
5408.9,897.1,1.024
5411.3,897.5,1.022
5413.7,897.9,1.021
5416.1,898.3,1.018
5418.5,898.7,1.017
5420.9,899.1,1.014
5423.3,899.5,1.013
5425.7,899.9,1.011
5428.1,900.3,1.009
5430.5,900.7,1.007
5432.9,901.1,1.006
5435.3,901.5,1.004
5437.7,901.9,1.002
5440.1,902.2,1.000
5442.5,902.7,0.997
5444.9,903.1,0.996
5447.3,903.5,0.993
5449.7,903.9,0.991
5452.1,904.3,0.989
5454.5,904.7,0.988
5456.9,905.1,0.986
5459.3,905.5,0.984
5461.7,905.9,0.983
5464.1,906.3,0.982
5466.5,906.7,0.980
5468.9,907.1,0.979
5471.3,907.5,0.976
5473.7,907.9,0.975
5476.1,908.3,0.973
5478.5,908.7,0.972
5480.9,909.1,0.970
5483.3,909.5,0.968
5485.7,909.9,0.966
5488.1,910.3,0.965
5490.5,910.7,0.963
5492.9,911.1,0.961
5495.3,911.5,0.960
5497.7,911.9,0.958
5500.1,912.3,0.957
5502.5,912.7,0.955
5504.9,913.1,0.953
5507.3,913.5,0.952
5509.7,913.9,0.951
5512.1,914.3,0.950
5514.5,914.7,0.948
5516.9,915.1,0.947
5519.3,915.5,0.946
5521.7,915.9,0.943
5524.1,916.3,0.942
5526.5,916.7,0.941
5528.9,917.1,0.940
5531.3,917.5,0.939
5533.7,917.9,0.937
5536.1,918.3,0.936
5538.5,918.7,0.934
5540.9,919.1,0.933
5543.3,919.5,0.931
5545.7,919.9,0.929
5548.1,920.3,0.927
5550.5,920.7,0.925
5552.9,921.1,0.923
5555.3,921.5,0.922
5557.7,921.9,0.921
5560.1,922.3,0.918
5562.5,922.7,0.917
5564.9,923.1,0.916
5567.3,923.5,0.915
5569.7,923.9,0.914
5572.1,924.3,0.913
5574.5,924.7,0.912
5576.9,925.1,0.912
5579.3,925.5,0.911
5581.7,925.9,0.910
5584.1,926.3,0.909
5586.5,926.7,0.908
5588.9,927.1,0.908
5591.3,927.5,0.907
5593.7,927.9,0.906
5596.1,928.3,0.905
5598.5,928.7,0.904
5600.9,929.1,0.903
5603.3,929.5,0.902
5605.7,929.9,0.903
5608.1,930.3,0.902
5610.5,930.7,0.902
5612.9,931.1,0.902
5615.3,931.5,0.901
5617.7,931.9,0.901
5620.1,932.3,0.900
5622.5,932.7,0.900
5624.9,933.1,0.900
5627.3,933.5,0.899
5629.7,933.9,0.899
5632.1,934.3,0.899
5634.5,934.7,0.899
5636.9,935.1,0.898
5639.3,935.5,0.898
5641.7,935.9,0.898
5644.1,936.3,0.897
5646.5,936.7,0.897
5648.9,937.1,0.896
5651.3,937.5,0.896
5653.7,937.9,0.896
5656.1,938.3,0.895
5658.5,938.7,0.895
5660.9,939.1,0.895
5663.3,939.5,0.895
5665.7,939.9,0.896
5668.1,940.3,0.897
5670.5,940.7,0.898
5672.9,941.1,0.898
5675.3,941.5,0.898
5677.7,941.9,0.897
5680.1,942.3,0.897
5682.5,942.7,0.896
5684.9,943.1,0.895
5687.3,943.5,0.895
5689.7,943.9,0.895
5692.1,944.3,0.895
5694.5,944.7,0.895
5696.9,945.1,0.895
5699.3,945.5,0.895
5701.7,945.9,0.895
5704.1,946.3,0.895
5706.5,946.7,0.895
5708.9,947.1,0.895
5711.3,947.5,0.895
5713.7,947.9,0.895
5716.1,948.3,0.895
5718.5,948.7,0.895
5720.9,949.1,0.895
5723.3,949.5,0.895
5725.7,949.9,0.894
5728.1,950.3,0.894
5730.5,950.7,0.894
5732.9,951.1,0.894
5735.3,951.5,0.894
5737.7,951.9,0.894
5740.1,952.3,0.894
5742.5,952.7,0.894
5744.9,953.1,0.894
5747.3,953.5,0.893
5749.7,953.9,0.893
5752.1,954.3,0.893
5754.5,954.7,0.893
5756.9,955.1,0.893
5759.3,955.5,0.893
5761.7,955.9,0.893
5764.1,956.3,0.893
5766.5,956.8,0.893
5768.9,957.1,0.893
5771.3,957.6,0.893
5773.7,957.9,0.893
5776.1,958.4,0.893
5778.5,958.7,0.893
5780.9,959.1,0.893
5783.3,959.5,0.893
5785.7,959.9,0.893
5788.1,960.4,0.893
5790.5,960.8,0.893
5792.9,961.2,0.893
5795.3,961.6,0.893
5797.7,962.0,0.893
5800.1,962.4,0.893
5802.5,962.8,0.893
5804.9,963.2,0.893
5807.3,963.6,0.893
5809.7,964.0,0.893
5812.1,964.4,0.892
5814.5,964.8,0.892
5816.9,965.2,0.892
5819.3,965.6,0.892
5821.7,966.0,0.892
5824.1,966.4,0.892
5826.5,966.8,0.892
5828.9,967.2,0.892
5831.3,967.6,0.892
5833.7,968.0,0.892
5836.1,968.4,0.892
5838.5,968.8,0.892
5840.9,969.2,0.892
5843.3,969.6,0.893
5845.7,970.0,0.893
5848.1,970.4,0.893
5850.5,970.8,0.893
5852.9,971.2,0.893
5855.3,971.6,0.894
5857.7,972.0,0.895
5860.1,972.4,0.895
5862.5,972.8,0.895
5864.9,973.2,0.895
5867.3,973.6,0.895
5869.7,974.0,0.895
5872.1,974.4,0.895
5874.5,974.8,0.895
5876.9,975.2,0.895
5879.3,975.6,0.895
5881.7,976.0,0.895
5884.1,976.4,0.895
5886.5,976.8,0.894
5888.9,977.2,0.894
5891.3,977.6,0.894
5893.7,978.0,0.894
5896.1,978.4,0.894
5898.5,978.8,0.894
5900.9,979.2,0.893
5903.3,979.6,0.892
5905.7,980.0,0.892
5908.1,980.4,0.892
5910.5,980.8,0.891
5912.9,981.2,0.891
5915.3,981.6,0.891
5917.7,982.0,0.891
5920.1,982.4,0.891
5922.5,982.8,0.891
5924.9,983.2,0.890
5927.3,983.6,0.890
5929.7,984.0,0.890
5932.1,984.4,0.890
5934.5,984.8,0.890
5936.9,985.2,0.890
5939.3,985.6,0.889
5941.7,986.0,0.890
5944.1,986.4,0.891
5946.5,986.9,0.891
5948.9,987.2,0.891
5951.3,987.7,0.891
5953.7,988.0,0.891
5956.1,988.4,0.891
5958.5,988.9,0.891
5960.9,989.3,0.891
5963.3,989.7,0.891
5965.7,990.1,0.891
5968.1,990.5,0.891
5970.5,990.9,0.891
5972.9,991.3,0.891
5975.3,991.7,0.891
5977.7,992.1,0.891
5980.1,992.5,0.891
5982.5,992.9,0.891
5984.9,993.3,0.891
5987.3,993.7,0.891
5989.7,994.1,0.891
5992.1,994.5,0.891
5994.5,994.9,0.892
5996.9,995.3,0.893
5999.3,995.7,0.893
6001.7,996.1,0.893
6004.1,996.5,0.892
6006.5,996.9,0.892
6008.9,997.3,0.892
6011.3,997.7,0.892
6013.7,998.1,0.891
6016.1,998.5,0.891
6018.5,998.9,0.891
6020.9,999.3,0.891
6023.3,999.7,0.891
6025.7,1000.1,0.891
6028.1,1000.5,0.891
6030.5,1000.9,0.891
6032.9,1001.3,0.891
6035.3,1001.7,0.891
6037.7,1002.1,0.890
6040.1,1002.5,0.890
6042.5,1002.9,0.889
6044.9,1003.3,0.889
6047.3,1003.7,0.888
6049.7,1004.1,0.888
6052.1,1004.5,0.888
6054.5,1004.9,0.888
6056.9,1005.3,0.887
6059.3,1005.7,0.887
6061.7,1006.1,0.887
6064.1,1006.5,0.887
6066.5,1006.9,0.887
6068.9,1007.3,0.888
6071.3,1007.7,0.888
6073.7,1008.1,0.888
6076.1,1008.5,0.889
6078.5,1008.9,0.889
6080.9,1009.3,0.889
6083.3,1009.7,0.889
6085.7,1010.1,0.888
6088.1,1010.5,0.888
6090.5,1010.9,0.888
6092.9,1011.3,0.888
6095.3,1011.7,0.888
6097.7,1012.1,0.888
6100.1,1012.5,0.887
6102.5,1012.9,0.886
6104.9,1013.3,0.886
6107.3,1013.7,0.886
6109.7,1014.1,0.887
6112.1,1014.5,0.887
6114.5,1014.9,0.888
6116.9,1015.3,0.888
6119.3,1015.7,0.888
6121.7,1016.1,0.888
6124.1,1016.5,0.888
6126.5,1016.9,0.888
6128.9,1017.3,0.888
6131.3,1017.7,0.888
6133.7,1018.1,0.889
6136.1,1018.5,0.890
6138.5,1018.9,0.890
6140.9,1019.4,0.890
6143.3,1019.8,0.890
6145.7,1020.2,0.890
6148.1,1020.6,0.890
6150.5,1021.0,0.889
6152.9,1021.4,0.889
6155.3,1021.8,0.889
6157.7,1022.2,0.888
6160.1,1022.6,0.888
6162.5,1023.0,0.888
6164.9,1023.4,0.887
6167.3,1023.8,0.887
6169.7,1024.2,0.887
6172.1,1024.6,0.887
6174.5,1025.0,0.887
6176.9,1025.4,0.887
6179.3,1025.8,0.887
6181.7,1026.2,0.887
6184.1,1026.6,0.887
6186.5,1027.0,0.887
6188.9,1027.4,0.887
6191.3,1027.8,0.887
6193.7,1028.2,0.887
6196.1,1028.6,0.887
6198.5,1029.0,0.887
6200.9,1029.4,0.887
6203.3,1029.8,0.887
6205.7,1030.2,0.887
6208.1,1030.6,0.887
6210.5,1031.0,0.887
6212.9,1031.4,0.887
6215.3,1031.8,0.887
6217.7,1032.2,0.887
6220.1,1032.6,0.887
6222.5,1033.0,0.887
6224.9,1033.4,0.887
6227.3,1033.8,0.887
6229.7,1034.2,0.887
6232.1,1034.6,0.887
6234.5,1035.0,0.887
6236.9,1035.4,0.887
6239.3,1035.8,0.887
6241.7,1036.2,0.887
6244.1,1036.6,0.887
6246.5,1037.0,0.887
6248.9,1037.4,0.887
6251.3,1037.8,0.887
6253.7,1038.2,0.887
6256.1,1038.6,0.888
6258.5,1039.0,0.889
6260.9,1039.4,0.889
6263.3,1039.8,0.889
6265.7,1040.2,0.889
6268.1,1040.6,0.889
6270.5,1041.0,0.889
6272.9,1041.4,0.889
6275.3,1041.8,0.889
6277.7,1042.2,0.888
6280.1,1042.6,0.888
6282.5,1043.0,0.888
6284.9,1043.4,0.888
6287.3,1043.8,0.887
6289.7,1044.2,0.887
6292.1,1044.6,0.887
6294.5,1045.0,0.887
6296.9,1045.4,0.887
6299.3,1045.8,0.887
6301.7,1046.2,0.889
6304.1,1046.6,0.891
6306.5,1047.0,0.892
6308.9,1047.4,0.894
6311.3,1047.8,0.894
6313.7,1048.2,0.894
6316.1,1048.6,0.893
6318.5,1049.0,0.893
6320.9,1049.4,0.893
6323.3,1049.8,0.893
6325.7,1050.2,0.893
6328.1,1050.6,0.893
6330.5,1051.0,0.893
6332.9,1051.4,0.893
6335.3,1051.8,0.893
6337.7,1052.2,0.893
6340.1,1052.6,0.893
6342.5,1053.0,0.893
6344.9,1053.4,0.892
6347.3,1053.8,0.891
6349.7,1054.2,0.891
6352.1,1054.7,0.891
6354.5,1055.0,0.891
6356.9,1055.4,0.891
6359.3,1055.8,0.892
6361.7,1056.3,0.892
6364.1,1056.7,0.892
6366.5,1057.1,0.892
6368.9,1057.5,0.892
6371.3,1057.8,0.892
6373.7,1058.2,0.892
6376.1,1058.7,0.892
6378.5,1059.0,0.892
6380.9,1059.4,0.892
6383.3,1059.9,0.892
6385.7,1060.2,0.891
6388.1,1060.7,0.891
6390.5,1061.1,0.891
6392.9,1061.5,0.891
6395.3,1061.8,0.891
6397.7,1062.3,0.891
6400.1,1062.7,0.890
6402.5,1063.1,0.890
6404.9,1063.5,0.890
6407.3,1063.9,0.890
6409.7,1064.3,0.890
6412.1,1064.7,0.890
6414.5,1065.1,0.890
6416.9,1065.5,0.890
6419.3,1065.9,0.890
6421.7,1066.3,0.890
6424.1,1066.7,0.890
6426.5,1067.1,0.890
6428.9,1067.5,0.890
6431.3,1067.9,0.890
6433.7,1068.3,0.890
6436.1,1068.7,0.890
6438.5,1069.1,0.890
6440.9,1069.5,0.890
6443.3,1069.9,0.891
6445.7,1070.3,0.891
6448.1,1070.7,0.891
6456.0,1071.9,0.894
6480.0,1073.6,0.893
6504.0,1073.9,0.893
6528.0,1073.8,0.889
6552.0,1073.7,0.893
6576.0,1073.7,0.891
6600.0,1073.7,0.890
6624.0,1073.6,0.893
6648.0,1073.6,0.896
6672.0,1073.6,0.896
6696.0,1073.6,0.891
6720.0,1073.6,0.888
6744.0,1073.5,0.893
6768.0,1073.5,0.897
6792.0,1073.5,0.897
6816.0,1073.4,0.895
6840.0,1073.4,0.900
6864.0,1073.4,0.885
6888.0,1073.4,0.888
6912.0,1073.3,0.893
6936.0,1073.3,0.892
6960.0,1073.3,0.893
6984.0,1073.3,0.889
7008.0,1073.3,0.891
7032.0,1073.2,0.896
7056.0,1073.2,0.893
7080.0,1073.2,0.892
7104.0,1073.2,0.891
7128.0,1073.2,0.895
7152.0,1073.2,0.894
7176.0,1073.2,0.893
7200.0,1073.2,0.893
7224.0,1073.2,0.888
7248.0,1073.2,0.889
7272.0,1073.2,0.889
7296.0,1073.2,0.892
7320.0,1073.2,0.893
7344.0,1073.2,0.892
